{"Index": "IXIC", "Date": "2015-09-22", "Open": 4762.290039, "High": 4776.279785, "Low": 4716.910156, "Close": 4756.720215, "Adj Close": 4756.720215, "Volume": 2042880000.0, "CloseUSD": 4756.720215}